full_name,admission_number,email,phone_number,institution,program,academic_year,admission_date,is_active
Christopher Jones,ADM20260001,christopher.jones1@edupay.com,254730325361,1,2,2,2025-08-18,True
James Johnson,ADM20260002,james.johnson2@edupay.com,254352303476,1,2,2,2025-06-21,True
Sophia Lewis,ADM20260003,sophia.lewis3@edupay.com,254145477456,1,2,2,2025-08-10,True
Isabella Martinez,ADM20260004,isabella.martinez4@edupay.com,254534555208,1,2,2,2025-08-18,True
Mark Thomas,ADM20260005,mark.thomas5@edupay.com,254936554333,1,2,2,2025-05-29,True
Charles Sanchez,ADM20260006,charles.sanchez6@edupay.com,254646021942,1,2,2,2025-09-18,True
Joseph Thompson,ADM20260007,joseph.thompson7@edupay.com,254851177876,1,2,2,2025-10-27,True
Ava Smith,ADM20260008,ava.smith8@edupay.com,254201438337,1,2,2,2025-06-16,True
William White,ADM20260009,william.white9@edupay.com,254164288649,1,2,2,2025-03-11,True
Mark Davis,ADM20260010,mark.davis10@edupay.com,254472950525,1,2,2,2025-03-04,True
Isabella Lewis,ADM20260011,isabella.lewis11@edupay.com,254407153113,1,2,2,2025-06-05,True
Emily Johnson,ADM20260012,emily.johnson12@edupay.com,254404840218,1,2,2,2025-08-08,True
Ava Martin,ADM20260013,ava.martin13@edupay.com,254941436344,1,2,2,2025-11-03,True
Elizabeth Martinez,ADM20260014,elizabeth.martinez14@edupay.com,254612005807,1,2,2,2025-03-10,True
Mark Wilson,ADM20260015,mark.wilson15@edupay.com,254605309753,1,2,2,2025-04-08,True
Joseph Harris,ADM20260016,joseph.harris16@edupay.com,254682593764,1,2,2,2025-10-05,True
Isabella Brown,ADM20260017,isabella.brown17@edupay.com,254909841823,1,2,2,2025-06-10,True
Olivia Lewis,ADM20260018,olivia.lewis18@edupay.com,254491381975,1,2,2,2025-07-25,True
Joseph Brown,ADM20260019,joseph.brown19@edupay.com,254172238757,1,2,2,2025-12-07,True
Donald Sanchez,ADM20260020,donald.sanchez20@edupay.com,254309665006,1,2,2,2025-05-13,True
Mia Harris,ADM20260021,mia.harris21@edupay.com,254124701271,1,2,2,2025-09-11,True
Michael Davis,ADM20260022,michael.davis22@edupay.com,254112433893,1,2,2,2025-10-03,True
Robert Thompson,ADM20260023,robert.thompson23@edupay.com,254994833904,1,2,2,2025-08-03,True
Mark Thompson,ADM20260024,mark.thompson24@edupay.com,254534429801,1,2,2,2025-02-09,True
Emma Robinson,ADM20260025,emma.robinson25@edupay.com,254763481447,1,2,2,2025-02-10,True
Isabella Lopez,ADM20260026,isabella.lopez26@edupay.com,254921747789,1,2,2,2025-04-17,True
Emily Brown,ADM20260027,emily.brown27@edupay.com,254425484636,1,2,2,2025-02-06,True
Abigail Taylor,ADM20260028,abigail.taylor28@edupay.com,254205116176,1,2,2,2025-04-05,True
Daniel Anderson,ADM20260029,daniel.anderson29@edupay.com,254530755814,1,2,2,2025-05-23,True
Michael Clark,ADM20260030,michael.clark30@edupay.com,254681088237,1,2,2,2025-07-27,True
